"name","code","Area_ID"
"Brooks",43,47
"Brooks",93,47
"Brooks",272,47
"Brooks",17,47
"Brooks",235,47
"Alliance / Battle River",16,36
"Alliance / Battle River",267,36
"Alliance / Battle River",365,36
"Alliance / Battle River",299,36
"Alliance / Battle River",298,36
"Alliance / Battle River",89,36
"Alliance / Battle River",110,36
"Alliance / Battle River",145,36
"Alliance / Battle River",113,36
"Alliance / Battle River",6,36
"Wabamun",15,40
"Wabamun",14,40
"Wabamun",215,40
"Wabamun",193,40
"Wabamun",288,40
"Wabamun",283,40
"Wabamun",279,40
"Wabamun",26,40
"Wabamun",344,40
"Wabamun",253,40
"Wabamun",187,40
"Wabamun",364,40
"Wabamun",245,40
"Wabamun",273,40
"Wabamun",354,40
"Wabamun",57,40
"Wabamun",308,40
"Wabamun",4,40
"Wabamun",324,40
"Wabamun",384,40
"Wabamun",230,40
"Wabamun",240,40
"Wabamun",99,40
"Wabamun",277,40
"Wabamun",386,40
"Wabamun",466,40
"Wabamun",301,40
"Wabamun",291,40
"Wabamun",196,40
"High Level",146,18
"High Level",456,18
"High Level",505,18
"Lethbridge",204,54
"Lethbridge",203,54
"Lethbridge",236,54
"Lethbridge",360,54
"Lethbridge",69,54
"Lethbridge",249,54
"Lethbridge",311,54
"Lethbridge",204,54
"Lethbridge",203,54
"Lethbridge",236,54
"Lethbridge",360,54
"Lethbridge",69,54
"Lethbridge",249,54
"Lethbridge",311,54
"Athabasca / Lac La Biche",378,27
"Athabasca / Lac La Biche",345,27
"Athabasca / Lac La Biche",346,27
"Athabasca / Lac La Biche",68,27
"Athabasca / Lac La Biche",202,27
"Athabasca / Lac La Biche",12,27
"Athabasca / Lac La Biche",11,27
"Athabasca / Lac La Biche",185,27
"Athabasca / Lac La Biche",368,27
"Athabasca / Lac La Biche",370,27
"Athabasca / Lac La Biche",371,27
"Athabasca / Lac La Biche",357,27
"Athabasca / Lac La Biche",369,27
"Athabasca / Lac La Biche",41,27
"Athabasca / Lac La Biche",359,27
"Athabasca / Lac La Biche",367,27
"Athabasca / Lac La Biche",314,27
"Athabasca / Lac La Biche",286,27
"Athabasca / Lac La Biche",4353,27
"Athabasca / Lac La Biche",468,27
"Athabasca / Lac La Biche",435,27
"Athabasca / Lac La Biche",378,27
"Athabasca / Lac La Biche",345,27
"Athabasca / Lac La Biche",346,27
"Athabasca / Lac La Biche",68,27
"Athabasca / Lac La Biche",202,27
"Athabasca / Lac La Biche",12,27
"Athabasca / Lac La Biche",11,27
"Athabasca / Lac La Biche",185,27
"Athabasca / Lac La Biche",368,27
"Athabasca / Lac La Biche",370,27
"Athabasca / Lac La Biche",371,27
"Athabasca / Lac La Biche",357,27
"Athabasca / Lac La Biche",369,27
"Athabasca / Lac La Biche",41,27
"Athabasca / Lac La Biche",359,27
"Athabasca / Lac La Biche",367,27
"Athabasca / Lac La Biche",314,27
"Athabasca / Lac La Biche",286,27
"Athabasca / Lac La Biche",4353,27
"Athabasca / Lac La Biche",468,27
"Athabasca / Lac La Biche",435,27
"Hinton / Edson",151,29
"Hinton / Edson",100,29
"Hinton / Edson",482,29
"Hinton / Edson",167,29
"Hinton / Edson",418,29
"Vegreville",82,56
"Vegreville",152,56
"Vegreville",20,56
"Vegreville",327,56
"Vegreville",222,56
"Vegreville",181,56
"Vegreville",213,56
"Vegreville",323,56
"Vegreville",322,56
"Vegreville",229,56
"Vegreville",227,56
"Vegreville",8,56
"Vegreville",446,56
"Vegreville",332,56
"Vegreville",375,56
"Vegreville",293,56
"Grande Prairie",503,20
"Grande Prairie",289,20
"Grande Prairie",290,20
"Grande Prairie",502,20
"Grande Prairie",133,20
"Grande Prairie",132,20
"Grande Prairie",436,20
"Grande Prairie",155,20
"Grande Prairie",21,20
"Grande Prairie",343,20
"Grande Prairie",281,20
