<?xml version="1.0" encoding="UTF-8"?>
<metadata xml:lang="en"><Esri><CreaDate>20180528</CreaDate><CreaTime>12343100</CreaTime><SyncOnce>FALSE</SyncOnce><DataProperties><lineage><Process Name="Create Feature Class" ToolSource="C:\Program Files\ArcGIS\ArcToolbox\Toolboxes\Data Management Tools.tbx\CreateFeatureclass" Date="20060104" Time="123813">CreateFeatureclass "C:\Maps\Geographic_Map_II.mdb\Political Boundaries" TASMo_Areas_Polygon # TASMo_Areas_Polygon_Layer SAME_AS_TEMPLATE SAME_AS_TEMPLATE "PROJCS['NAD_1927_10TM_AEP_Resource',GEOGCS['GCS_North_American_1927',DATUM['D_North_American_1927',SPHEROID['Clarke_1866',6378206.4,294.9786982]],PRIMEM['Greenwich',0.0],UNIT['Degree',0.0174532925199433]],PROJECTION['Transverse_Mercator'],PARAMETER['False_Easting',0.0],PARAMETER['False_Northing',0.0],PARAMETER['Central_Meridian',-115.0],PARAMETER['Scale_Factor',0.9992],PARAMETER['Latitude_Of_Origin',0.0],UNIT['Meter',1.0]];-346468.722102794 5394487.51095033 1657.42465636434;0 100000;0 100000" # 0 0 0 "C:\Maps\Geographic_Map_II.mdb\Political Boundaries\TASMo_Areas_Polygon"</Process><Process Name="Append" ToolSource="C:\Program Files\ArcGIS\ArcToolbox\Toolboxes\Data Management Tools.tbx\Append" Date="20060104" Time="123813">Append TASMo_Areas_Polygon_Layer "C:\Maps\Geographic_Map_II.mdb\Political Boundaries\TASMo_Areas_Polygon" TEST "C:\Maps\Geographic_Map_II.mdb\Political Boundaries\TASMo_Areas_Polygon"</Process><Process Name="FeatureClassToFeatureClass_29" ToolSource="C:\Program Files\ArcGIS\ArcToolbox\Toolboxes\Conversion Tools.tbx\FeatureClassToFeatureClass" Date="20060104" Time="123814">FeatureClassToFeatureClass C:\Maps\Geographic_Map.mdb\TASMo_Areas_Polygon "C:\Maps\Geographic_Map_II.mdb\Political Boundaries" TASMo_Areas_Polygon # "Id Id VISIBLE;Name Name VISIBLE;Shape_Length Shape_Length VISIBLE;Shape_Area Shape_Area VISIBLE" SAME_AS_TEMPLATE SAME_AS_TEMPLATE # 0 "C:\Maps\Geographic_Map_II.mdb\Political Boundaries\TASMo_Areas_Polygon"</Process><Process ToolSource="C:\ArcGIS\ArcToolbox\Toolboxes\Conversion Tools.tbx\FeatureClassToFeatureClass" Date="20080324" Time="173812">FeatureClassToFeatureClass "\\aeso.ca\dfs\Technical\te\82\20\18\01\01\Geographic_Map_II.mdb\Planning Areas\TASMo_Areas_Polygon" sdeConn36251.sde\Planning_Areas TASMo_Areas_Polygon # "Id Id true true false 4 Long 0 0 ,First,#,\\aeso.ca\dfs\Technical\te\82\20\18\01\01\Geographic_Map_II.mdb\Planning Areas\TASMo_Areas_Polygon,Id,-1,-1;Name Name true true false 50 Text 0 0 ,First,#,\\aeso.ca\dfs\Technical\te\82\20\18\01\01\Geographic_Map_II.mdb\Planning Areas\TASMo_Areas_Polygon,Name,-1,-1;Shape_Length Shape_Length false true true 8 Double 0 0 ,First,#,\\aeso.ca\dfs\Technical\te\82\20\18\01\01\Geographic_Map_II.mdb\Planning Areas\TASMo_Areas_Polygon,Shape_Length,-1,-1;Shape_Area Shape_Area false true true 8 Double 0 0 ,First,#,\\aeso.ca\dfs\Technical\te\82\20\18\01\01\Geographic_Map_II.mdb\Planning Areas\TASMo_Areas_Polygon,Shape_Area,-1,-1;Voltage Voltage true true false 4 Text 0 0 ,First,#,\\aeso.ca\dfs\Technical\te\82\20\18\01\01\Geographic_Map_II.mdb\Planning Areas\TASMo_Areas_Polygon,Voltage,-1,-1" # sdeConn36251.sde\Planning_Areas\MAP.TASMo_Areas_Polygon</Process><Process Name="FeatureClassToFeatureClass_3" ToolSource="C:\Program Files\ArcGIS\ArcToolbox\Toolboxes\Conversion Tools.tbx\FeatureClassToFeatureClass" Date="20100511" Time="111245">FeatureClassToFeatureClass \\aeso.ca\dfs\Technical\te\82\20\18\01\02\Planning_Group_Areas\TASMo_Poly.shp "Database Connections\Connection to prodamp1.sde\MAP.Planning_Areas" TASMo_2010 # "OBJECTID OBJECTID true false false 10 Double 0 10 ,First,#,\\aeso.ca\dfs\Technical\te\82\20\18\01\02\Planning_Group_Areas\TASMo_Poly.shp,OBJECTID,-1,-1;ID ID true false false 10 Double 0 10 ,First,#,\\aeso.ca\dfs\Technical\te\82\20\18\01\02\Planning_Group_Areas\TASMo_Poly.shp,ID,-1,-1;NAME NAME true false false 50 Text 0 0 ,First,#,\\aeso.ca\dfs\Technical\te\82\20\18\01\02\Planning_Group_Areas\TASMo_Poly.shp,NAME,-1,-1;VOLTAGE VOLTAGE true false false 4 Text 0 0 ,First,#,\\aeso.ca\dfs\Technical\te\82\20\18\01\02\Planning_Group_Areas\TASMo_Poly.shp,VOLTAGE,-1,-1;SHAPE_AREA SHAPE_AREA true false false 19 Double 0 0 ,First,#,\\aeso.ca\dfs\Technical\te\82\20\18\01\02\Planning_Group_Areas\TASMo_Poly.shp,SHAPE_AREA,-1,-1;SHAPE_LEN SHAPE_LEN true false false 19 Double 0 0 ,First,#,\\aeso.ca\dfs\Technical\te\82\20\18\01\02\Planning_Group_Areas\TASMo_Poly.shp,SHAPE_LEN,-1,-1;Manager Manager true false false 50 Text 0 0 ,First,#,\\aeso.ca\dfs\Technical\te\82\20\18\01\02\Planning_Group_Areas\TASMo_Poly.shp,Manager,-1,-1;Region Region true false false 15 Text 0 0 ,First,#,\\aeso.ca\dfs\Technical\te\82\20\18\01\02\Planning_Group_Areas\TASMo_Poly.shp,Region,-1,-1;Forecast Forecast true false false 20 Text 0 0 ,First,#,\\aeso.ca\dfs\Technical\te\82\20\18\01\02\Planning_Group_Areas\TASMo_Poly.shp,Forecast,-1,-1;LTP LTP true false false 15 Text 0 0 ,First,#,\\aeso.ca\dfs\Technical\te\82\20\18\01\02\Planning_Group_Areas\TASMo_Poly.shp,LTP,-1,-1" # "Database Connections\Connection to prodamp1.sde\MAP.Planning_Areas\MAP.TASMo_2010"</Process><Process ToolSource="C:\Program Files\ArcGIS\ArcToolbox\Toolboxes\Conversion Tools.tbx\FeatureClassToFeatureClass" Date="20110306" Time="094903">FeatureClassToFeatureClass "\\aeso.ca\dfs\Technical\te\82\20\18\01\02\Planning Regions\TASMo_2011.shp" "Database Connections\Connection to prodamp1.sde\MAP.Planning_Areas" TASMo_2011 # "OBJECTID_1 'OBJECTID_1' true true false 10 Double 0 10 ,First,#,\\aeso.ca\dfs\Technical\te\82\20\18\01\02\Planning Regions\TASMo_2011.shp,OBJECTID_1,-1,-1;OBJECTID 'OBJECTID' true true false 10 Double 0 10 ,First,#,\\aeso.ca\dfs\Technical\te\82\20\18\01\02\Planning Regions\TASMo_2011.shp,OBJECTID,-1,-1;ID 'ID' true true false 10 Double 0 10 ,First,#,\\aeso.ca\dfs\Technical\te\82\20\18\01\02\Planning Regions\TASMo_2011.shp,ID,-1,-1;NAME 'NAME' true true false 50 Text 0 0 ,First,#,\\aeso.ca\dfs\Technical\te\82\20\18\01\02\Planning Regions\TASMo_2011.shp,NAME,-1,-1;VOLTAGE 'VOLTAGE' true true false 4 Text 0 0 ,First,#,\\aeso.ca\dfs\Technical\te\82\20\18\01\02\Planning Regions\TASMo_2011.shp,VOLTAGE,-1,-1;MANAGER 'MANAGER' true true false 50 Text 0 0 ,First,#,\\aeso.ca\dfs\Technical\te\82\20\18\01\02\Planning Regions\TASMo_2011.shp,MANAGER,-1,-1;REGION 'REGION' true true false 15 Text 0 0 ,First,#,\\aeso.ca\dfs\Technical\te\82\20\18\01\02\Planning Regions\TASMo_2011.shp,REGION,-1,-1;FORECAST 'FORECAST' true true false 20 Text 0 0 ,First,#,\\aeso.ca\dfs\Technical\te\82\20\18\01\02\Planning Regions\TASMo_2011.shp,FORECAST,-1,-1;LTP 'LTP' true true false 15 Text 0 0 ,First,#,\\aeso.ca\dfs\Technical\te\82\20\18\01\02\Planning Regions\TASMo_2011.shp,LTP,-1,-1;SHAPE_AREA 'SHAPE_AREA' true true false 19 Double 0 0 ,First,#,\\aeso.ca\dfs\Technical\te\82\20\18\01\02\Planning Regions\TASMo_2011.shp,SHAPE_AREA,-1,-1;SHAPE_LEN 'SHAPE_LEN' true true false 19 Double 0 0 ,First,#,\\aeso.ca\dfs\Technical\te\82\20\18\01\02\Planning Regions\TASMo_2011.shp,SHAPE_LEN,-1,-1" # "Database Connections\Connection to prodamp1.sde\MAP.Planning_Areas\MAP.TASMo_2011"</Process><Process ToolSource="c:\program files (x86)\arcgis\desktop10.1\ArcToolbox\Toolboxes\Conversion Tools.tbx\FeatureClassToFeatureClass" Date="20150507" Time="102640">FeatureClassToFeatureClass T:\Technical\te\82\20\18\01\01\_SLD_Process_Review\SLD_Creation_Data_Diagrammed.gdb\Connected_Layers\Planning_Areas "Database Connections\AESO Map Database SDE Connection.sde" PlanningAreas2015 # "OBJECTID_1 "OBJECTID_1" true true false 8 Double 0 0 ,First,#,T:\Technical\te\82\20\18\01\01\_SLD_Process_Review\SLD_Creation_Data_Diagrammed.gdb\Connected_Layers\Planning_Areas,OBJECTID_1,-1,-1;OBJECTID "OBJECTID" true true false 8 Double 0 0 ,First,#,T:\Technical\te\82\20\18\01\01\_SLD_Process_Review\SLD_Creation_Data_Diagrammed.gdb\Connected_Layers\Planning_Areas,OBJECTID,-1,-1;ID "ID" true true false 8 Double 0 0 ,First,#,T:\Technical\te\82\20\18\01\01\_SLD_Process_Review\SLD_Creation_Data_Diagrammed.gdb\Connected_Layers\Planning_Areas,ID,-1,-1;NAME "NAME" true true false 50 Text 0 0 ,First,#,T:\Technical\te\82\20\18\01\01\_SLD_Process_Review\SLD_Creation_Data_Diagrammed.gdb\Connected_Layers\Planning_Areas,NAME,-1,-1;VOLTAGE "VOLTAGE" true true false 4 Text 0 0 ,First,#,T:\Technical\te\82\20\18\01\01\_SLD_Process_Review\SLD_Creation_Data_Diagrammed.gdb\Connected_Layers\Planning_Areas,VOLTAGE,-1,-1;MANAGER "MANAGER" true true false 50 Text 0 0 ,First,#,T:\Technical\te\82\20\18\01\01\_SLD_Process_Review\SLD_Creation_Data_Diagrammed.gdb\Connected_Layers\Planning_Areas,MANAGER,-1,-1;REGION "REGION" true true false 15 Text 0 0 ,First,#,T:\Technical\te\82\20\18\01\01\_SLD_Process_Review\SLD_Creation_Data_Diagrammed.gdb\Connected_Layers\Planning_Areas,REGION,-1,-1;FORECAST "FORECAST" true true false 20 Text 0 0 ,First,#,T:\Technical\te\82\20\18\01\01\_SLD_Process_Review\SLD_Creation_Data_Diagrammed.gdb\Connected_Layers\Planning_Areas,FORECAST,-1,-1;LTP "LTP" true true false 15 Text 0 0 ,First,#,T:\Technical\te\82\20\18\01\01\_SLD_Process_Review\SLD_Creation_Data_Diagrammed.gdb\Connected_Layers\Planning_Areas,LTP,-1,-1;SHAPE_Length "SHAPE_Length" false true true 8 Double 0 0 ,First,#,T:\Technical\te\82\20\18\01\01\_SLD_Process_Review\SLD_Creation_Data_Diagrammed.gdb\Connected_Layers\Planning_Areas,SHAPE_Length,-1,-1;SHAPE_Area "SHAPE_Area" false true true 8 Double 0 0 ,First,#,T:\Technical\te\82\20\18\01\01\_SLD_Process_Review\SLD_Creation_Data_Diagrammed.gdb\Connected_Layers\Planning_Areas,SHAPE_Area,-1,-1" #</Process><Process ToolSource="c:\program files (x86)\arcgis\desktop10.1\ArcToolbox\Toolboxes\Data Management Tools.tbx\CalculateField" Date="20180528" Time="135211">CalculateField AESO_Planning_Areas Area_ID [ID] VB #</Process></lineage><itemProps><itemLocation><linkage Sync="TRUE">Server=tasp_rw.aeso; Service=sde:oracle11g:tasp_rw.aeso; User=map; Version=SDE.DEFAULT</linkage><protocol Sync="TRUE">ArcSDE Connection</protocol></itemLocation><itemName Sync="TRUE">MAP.PlanningAreas2015</itemName><imsContentType Sync="TRUE">002</imsContentType></itemProps><coordRef><type Sync="TRUE">Geographic</type><geogcsn Sync="TRUE">GCS_North_American_1983</geogcsn><csUnits Sync="TRUE">Angular Unit: Degree (0.017453)</csUnits><peXml Sync="TRUE">&lt;GeographicCoordinateSystem xsi:type='typens:GeographicCoordinateSystem' xmlns:xsi='http://www.w3.org/2001/XMLSchema-instance' xmlns:xs='http://www.w3.org/2001/XMLSchema' xmlns:typens='http://www.esri.com/schemas/ArcGIS/10.1'&gt;&lt;WKT&gt;GEOGCS[&amp;quot;GCS_North_American_1983&amp;quot;,DATUM[&amp;quot;D_North_American_1983&amp;quot;,SPHEROID[&amp;quot;GRS_1980&amp;quot;,6378137.0,298.257222101]],PRIMEM[&amp;quot;Greenwich&amp;quot;,0.0],UNIT[&amp;quot;Degree&amp;quot;,0.0174532925199433],AUTHORITY[&amp;quot;EPSG&amp;quot;,4269]]&lt;/WKT&gt;&lt;XOrigin&gt;-400&lt;/XOrigin&gt;&lt;YOrigin&gt;-400&lt;/YOrigin&gt;&lt;XYScale&gt;999999999.99999988&lt;/XYScale&gt;&lt;ZOrigin&gt;0&lt;/ZOrigin&gt;&lt;ZScale&gt;1&lt;/ZScale&gt;&lt;MOrigin&gt;0&lt;/MOrigin&gt;&lt;MScale&gt;1&lt;/MScale&gt;&lt;XYTolerance&gt;8.9831529999999992e-009&lt;/XYTolerance&gt;&lt;ZTolerance&gt;0.001&lt;/ZTolerance&gt;&lt;MTolerance&gt;0.001&lt;/MTolerance&gt;&lt;HighPrecision&gt;true&lt;/HighPrecision&gt;&lt;LeftLongitude&gt;-180&lt;/LeftLongitude&gt;&lt;WKID&gt;4269&lt;/WKID&gt;&lt;LatestWKID&gt;4269&lt;/LatestWKID&gt;&lt;/GeographicCoordinateSystem&gt;</peXml></coordRef></DataProperties><SyncDate>20150507</SyncDate><SyncTime>10263600</SyncTime><ModDate>20150507</ModDate><ModTime>10263600</ModTime><ArcGISFormat>1.0</ArcGISFormat></Esri><idinfo><native Sync="TRUE">Microsoft Windows XP Version 5.1 (Build 2600) Service Pack 3; ESRI ArcCatalog 9.3.1.3500</native><descript><langdata Sync="TRUE">en</langdata><abstract>REQUIRED: A brief narrative summary of the data set.</abstract><purpose>REQUIRED: A summary of the intentions with which the data set was developed.</purpose></descript><citation><citeinfo><origin>REQUIRED: The name of an organization or individual that developed the data set.</origin><pubdate>REQUIRED: The date when the data set is published or otherwise made available for release.</pubdate><title Sync="TRUE">MAP.TASMo_2011</title><ftname Sync="TRUE">MAP.TASMo_2011</ftname><geoform Sync="TRUE">vector digital data</geoform><onlink Sync="TRUE">Server=prodamp1; Service=5151; User=map; Version=SDE.DEFAULT</onlink></citeinfo></citation><timeperd><current>REQUIRED: The basis on which the time period of content information is determined.</current><timeinfo><sngdate><caldate>REQUIRED: The year (and optionally month, or month and day) for which the data set corresponds to the ground.</caldate></sngdate></timeinfo></timeperd><status><progress>REQUIRED: The state of the data set.</progress><update>REQUIRED: The frequency with which changes and additions are made to the data set after the initial data set is completed.</update></status><spdom><bounding><westbc Sync="TRUE">-120.003821</westbc><eastbc Sync="TRUE">-110.001272</eastbc><northbc Sync="TRUE">60.008929</northbc><southbc Sync="TRUE">48.997792</southbc></bounding><lboundng><leftbc Sync="TRUE">-120.003821</leftbc><rightbc Sync="TRUE">-110.001272</rightbc><bottombc Sync="TRUE">48.997792</bottombc><topbc Sync="TRUE">60.008929</topbc></lboundng></spdom><keywords><theme><themekt>REQUIRED: Reference to a formally registered thesaurus or a similar authoritative source of theme keywords.</themekt><themekey>REQUIRED: Common-use word or phrase used to describe the subject of the data set.</themekey></theme></keywords><accconst>REQUIRED: Restrictions and legal prerequisites for accessing the data set.</accconst><useconst>REQUIRED: Restrictions and legal prerequisites for using the data set after access is granted.</useconst><natvform Sync="TRUE">SDE Feature Class</natvform></idinfo><dataIdInfo><envirDesc Sync="TRUE">Microsoft Windows 7 Version 6.1 (Build 7601) Service Pack 1; Esri ArcGIS 10.1.0.3035</envirDesc><dataLang><languageCode Sync="TRUE" value="eng"></languageCode><countryCode value="USA" Sync="TRUE"></countryCode></dataLang><idCitation><resTitle Sync="TRUE">MAP.PlanningAreas2015</resTitle><presForm><PresFormCd Sync="TRUE" value="005"></PresFormCd></presForm></idCitation><spatRpType><SpatRepTypCd Sync="TRUE" value="001"></SpatRepTypCd></spatRpType><dataExt><geoEle><GeoBndBox esriExtentType="native"><westBL Sync="TRUE">-120.003821</westBL><eastBL Sync="TRUE">-110.001272</eastBL><northBL Sync="TRUE">60.008929</northBL><southBL Sync="TRUE">48.997792</southBL><exTypeCode Sync="TRUE">1</exTypeCode></GeoBndBox></geoEle></dataExt><geoBox esriExtentType="decdegrees"><westBL Sync="TRUE">-120.003821</westBL><eastBL Sync="TRUE">-110.001272</eastBL><northBL Sync="TRUE">60.008929</northBL><southBL Sync="TRUE">48.997792</southBL><exTypeCode Sync="TRUE">1</exTypeCode></geoBox></dataIdInfo><metainfo><langmeta Sync="TRUE">en</langmeta><metstdn Sync="TRUE">FGDC Content Standards for Digital Geospatial Metadata</metstdn><metstdv Sync="TRUE">FGDC-STD-001-1998</metstdv><mettc Sync="TRUE">local time</mettc><metc><cntinfo><cntorgp><cntper>REQUIRED: The person responsible for the metadata information.</cntper><cntorg>REQUIRED: The organization responsible for the metadata information.</cntorg></cntorgp><cntaddr><addrtype>REQUIRED: The mailing and/or physical address for the organization or individual.</addrtype><city>REQUIRED: The city of the address.</city><state>REQUIRED: The state or province of the address.</state><postal>REQUIRED: The ZIP or other postal code of the address.</postal></cntaddr><cntvoice>REQUIRED: The telephone number by which individuals can speak to the organization or individual.</cntvoice></cntinfo></metc><metd Sync="TRUE">20110306</metd></metainfo><mdLang><languageCode Sync="TRUE" value="eng"></languageCode><countryCode value="USA" Sync="TRUE"></countryCode></mdLang><mdStanName Sync="TRUE">ISO 19115 Geographic Information - Metadata</mdStanName><mdStanVer Sync="TRUE">DIS_ESRI1.0</mdStanVer><mdChar><CharSetCd Sync="TRUE" value="004"></CharSetCd></mdChar><mdHrLv><ScopeCd Sync="TRUE" value="005"></ScopeCd></mdHrLv><mdHrLvName Sync="TRUE">dataset</mdHrLvName><distinfo><resdesc Sync="TRUE">Downloadable Data</resdesc></distinfo><distInfo><distributor><distorTran><onLineSrc><orDesc Sync="TRUE">002</orDesc><linkage Sync="TRUE">Server=prodamp1; Service=5151; User=map; Version=SDE.DEFAULT</linkage><protocol Sync="TRUE">ArcSDE Connection</protocol></onLineSrc></distorTran><distorFormat><formatName Sync="TRUE">SDE Feature Class</formatName></distorFormat></distributor><distFormat><formatName Sync="TRUE">SDE Feature Class</formatName></distFormat></distInfo><spdoinfo><direct Sync="TRUE">Vector</direct><ptvctinf><esriterm Name="MAP.PlanningAreas2015"><efeatyp Sync="TRUE">Simple</efeatyp><efeageom code="4" Sync="TRUE"></efeageom><esritopo Sync="TRUE">FALSE</esritopo><efeacnt Sync="TRUE">0</efeacnt><spindex Sync="TRUE">TRUE</spindex><linrefer Sync="TRUE">FALSE</linrefer></esriterm></ptvctinf></spdoinfo><spref><horizsys><cordsysn><geogcsn Sync="TRUE">GCS_North_American_1983</geogcsn></cordsysn><geograph><geogunit Sync="TRUE">Decimal degrees</geogunit><latres Sync="TRUE">0.000000</latres><longres Sync="TRUE">0.000000</longres></geograph><geodetic><horizdn Sync="TRUE">North American Datum of 1983</horizdn><ellips Sync="TRUE">Geodetic Reference System 80</ellips><semiaxis Sync="TRUE">6378137.000000</semiaxis><denflat Sync="TRUE">298.257222</denflat></geodetic></horizsys><vertdef><altsys><altenc Sync="TRUE">Explicit elevation coordinate included with horizontal coordinates</altenc><altres Sync="TRUE">1.000000</altres></altsys></vertdef></spref><refSysInfo><RefSystem><refSysID><identCode Sync="TRUE" value="4269">GCS_North_American_1983</identCode><idCodeSpace Sync="TRUE">EPSG</idCodeSpace><idVersion Sync="TRUE">7.9.4</idVersion></refSysID></RefSystem></refSysInfo><spatRepInfo><VectSpatRep><geometObjs Name="MAP.PlanningAreas2015"><geoObjTyp><GeoObjTypCd value="002" Sync="TRUE"></GeoObjTypCd></geoObjTyp><geoObjCnt Sync="TRUE">0</geoObjCnt></geometObjs><topLvl><TopoLevCd value="001" Sync="TRUE"></TopoLevCd></topLvl></VectSpatRep></spatRepInfo><eainfo><detailed Name="MAP.PlanningAreas2015"><attr><attrlabl Sync="TRUE">Id</attrlabl><attalias Sync="TRUE">OBJECTID_1</attalias><attrtype Sync="TRUE">Double</attrtype><attwidth Sync="TRUE">8</attwidth><atprecis Sync="TRUE">38</atprecis><attscale Sync="TRUE">8</attscale><attrdef Sync="TRUE">Internal feature number.</attrdef><attrdefs Sync="TRUE">ESRI</attrdefs><attrdomv><udom Sync="TRUE">Sequential unique whole numbers that are automatically generated.</udom></attrdomv></attr><attr><attrlabl Sync="TRUE">OBJECTID</attrlabl><attalias Sync="TRUE">OBJECTID_12</attalias><attrtype Sync="TRUE">OID</attrtype><attwidth Sync="TRUE">4</attwidth><atprecis Sync="TRUE">10</atprecis><attscale Sync="TRUE">0</attscale><attrdef Sync="TRUE">Internal feature number.</attrdef><attrdefs Sync="TRUE">ESRI</attrdefs><attrdomv><udom Sync="TRUE">Sequential unique whole numbers that are automatically generated.</udom></attrdomv></attr><attr><attrlabl Sync="TRUE">Shape</attrlabl><attalias Sync="TRUE">ID</attalias><attrtype Sync="TRUE">Double</attrtype><attwidth Sync="TRUE">8</attwidth><atprecis Sync="TRUE">38</atprecis><attscale Sync="TRUE">8</attscale><attrdef Sync="TRUE">Feature geometry.</attrdef><attrdefs Sync="TRUE">ESRI</attrdefs><attrdomv><udom Sync="TRUE">Coordinates defining the features.</udom></attrdomv></attr><attr><attrlabl Sync="TRUE">OBJECTID_1</attrlabl><attalias Sync="TRUE">NAME</attalias><attrtype Sync="TRUE">String</attrtype><attwidth Sync="TRUE">50</attwidth><atprecis Sync="TRUE">0</atprecis><attscale Sync="TRUE">0</attscale><attrdef Sync="TRUE">Internal feature number.</attrdef><attrdefs Sync="TRUE">ESRI</attrdefs><attrdomv><udom Sync="TRUE">Sequential unique whole numbers that are automatically generated.</udom></attrdomv></attr><attr><attrlabl Sync="TRUE">Name</attrlabl><attalias Sync="TRUE">VOLTAGE</attalias><attrtype Sync="TRUE">String</attrtype><attwidth Sync="TRUE">4</attwidth><atprecis Sync="TRUE">0</atprecis><attscale Sync="TRUE">0</attscale></attr><attr><attrlabl Sync="TRUE">ID</attrlabl><attalias Sync="TRUE">MANAGER</attalias><attrtype Sync="TRUE">String</attrtype><attwidth Sync="TRUE">50</attwidth><atprecis Sync="TRUE">0</atprecis><attscale Sync="TRUE">0</attscale></attr><attr><attrlabl Sync="TRUE">NAME</attrlabl><attalias Sync="TRUE">REGION</attalias><attrtype Sync="TRUE">String</attrtype><attwidth Sync="TRUE">15</attwidth><atprecis Sync="TRUE">0</atprecis><attscale Sync="TRUE">0</attscale></attr><attr><attrlabl Sync="TRUE">VOLTAGE</attrlabl><attalias Sync="TRUE">FORECAST</attalias><attrtype Sync="TRUE">String</attrtype><attwidth Sync="TRUE">20</attwidth><atprecis Sync="TRUE">0</atprecis><attscale Sync="TRUE">0</attscale></attr><attr><attrlabl Sync="TRUE">MANAGER</attrlabl><attalias Sync="TRUE">LTP</attalias><attrtype Sync="TRUE">String</attrtype><attwidth Sync="TRUE">15</attwidth><atprecis Sync="TRUE">0</atprecis><attscale Sync="TRUE">0</attscale></attr><attr><attrlabl Sync="TRUE">REGION</attrlabl><attalias Sync="TRUE">SHAPE</attalias><attrtype Sync="TRUE">Geometry</attrtype><attwidth Sync="TRUE">4</attwidth><atprecis Sync="TRUE">0</atprecis><attscale Sync="TRUE">0</attscale><attrdef Sync="TRUE">Feature geometry.</attrdef><attrdefs Sync="TRUE">Esri</attrdefs><attrdomv><udom Sync="TRUE">Coordinates defining the features.</udom></attrdomv></attr><attr><attrlabl Sync="TRUE">FORECAST</attrlabl><attalias Sync="TRUE">SE_ANNO_CAD_DATA</attalias><attrtype Sync="TRUE">Blob</attrtype><attwidth Sync="TRUE">0</attwidth><atprecis Sync="TRUE">0</atprecis><attscale Sync="TRUE">0</attscale></attr><attr><attrlabl Sync="TRUE">LTP</attrlabl><attalias Sync="TRUE">OBJECTID</attalias><attrtype Sync="TRUE">Double</attrtype><attwidth Sync="TRUE">8</attwidth><atprecis Sync="TRUE">38</atprecis><attscale Sync="TRUE">8</attscale></attr><attr><attrlabl Sync="TRUE">SHAPE</attrlabl><attalias Sync="TRUE">SHAPE.AREA</attalias><attrtype Sync="TRUE">Double</attrtype><attwidth Sync="TRUE">0</attwidth><atprecis Sync="TRUE">0</atprecis><attscale Sync="TRUE">0</attscale><attrdef Sync="TRUE">Feature geometry.</attrdef><attrdefs Sync="TRUE">ESRI</attrdefs><attrdomv><udom Sync="TRUE">Coordinates defining the features.</udom></attrdomv></attr><attr><attrlabl Sync="TRUE">SE_ANNO_CAD_DATA</attrlabl><attalias Sync="TRUE">SHAPE.LEN</attalias><attrtype Sync="TRUE">Double</attrtype><attwidth Sync="TRUE">0</attwidth><atprecis Sync="TRUE">0</atprecis><attscale Sync="TRUE">0</attscale></attr><enttyp><enttypl Sync="TRUE">MAP.PlanningAreas2015</enttypl><enttypt Sync="TRUE">Feature Class</enttypt><enttypc Sync="TRUE">0</enttypc></enttyp><attr><attrlabl Sync="TRUE">SHAPE.AREA</attrlabl><attalias Sync="TRUE">SHAPE.AREA</attalias><attrtype Sync="TRUE">Double</attrtype><attwidth Sync="TRUE">0</attwidth><atprecis Sync="TRUE">0</atprecis><attscale Sync="TRUE">0</attscale></attr><attr><attrlabl Sync="TRUE">SHAPE.LEN</attrlabl><attalias Sync="TRUE">SHAPE.LEN</attalias><attrtype Sync="TRUE">Double</attrtype><attwidth Sync="TRUE">0</attwidth><atprecis Sync="TRUE">0</atprecis><attscale Sync="TRUE">0</attscale></attr></detailed></eainfo><mdDateSt Sync="TRUE">20150507</mdDateSt><dataqual><lineage><procstep><procdesc Sync="TRUE">Dataset copied.</procdesc><srcused Sync="TRUE">Server=prodamp1; Service=5151; User=map; Version=SDE.DEFAULT</srcused><date Sync="TRUE">20090116</date><time Sync="TRUE">10265000</time></procstep><procstep><procdesc Sync="TRUE">Dataset copied.</procdesc><srcused Sync="TRUE">Server=prodamp1; Service=5151; User=map; Version=SDE.DEFAULT</srcused><procdate Sync="TRUE">20110303</procdate><proctime Sync="TRUE">11102900</proctime></procstep></lineage></dataqual></metadata>
